{
  "project_info": {
    "project_number": "921907557488",
    "project_id": "omanqurancompass",
    "storage_bucket": "omanqurancompass.firebasestorage.app"
  },
  "client": [
    {
      "client_info": {
        "mobilesdk_app_id": "1:921907557488:android:58c0703f7ab7a8fb1a30b5",
        "android_client_info": {
          "package_name": "com.example.pp2_135058_133706_134665"
        }
      },
      "oauth_client": [],
      "api_key": [
        {
          "current_key": "AIzaSyDS1joBIOvCqWJPZtGuY6GSJd8y7RGRIm4"
        }
      ],
      "services": {
        "appinvite_service": {
          "other_platform_oauth_client": []
        }
      }
    }
  ],
  "configuration_version": "1"
}